Changes made at Sat Aug  9 05:58:18 UTC 2025
Changes made at Thu Nov 20 14:24:16 UTC 2025
Changes made at Thu Nov 20 16:13:33 UTC 2025
Changes made at Fri Nov 21 08:15:18 UTC 2025
Changes made at Fri Nov 21 10:11:22 UTC 2025
Changes made at Fri Nov 21 14:10:29 UTC 2025
Changes made at Fri Nov 21 16:13:18 UTC 2025
Changes made at Sat Nov 22 08:13:05 UTC 2025
Changes made at Sat Nov 22 10:09:55 UTC 2025
Changes made at Sat Nov 22 14:08:22 UTC 2025
Changes made at Sat Nov 22 16:11:10 UTC 2025
Changes made at Sun Nov 23 08:13:11 UTC 2025
Changes made at Sun Nov 23 10:09:50 UTC 2025
Changes made at Sun Nov 23 14:08:24 UTC 2025
Changes made at Sun Nov 23 16:11:06 UTC 2025
Changes made at Mon Nov 24 08:15:59 UTC 2025
Changes made at Mon Nov 24 10:12:43 UTC 2025
Changes made at Mon Nov 24 14:11:29 UTC 2025
Changes made at Mon Nov 24 16:11:40 UTC 2025
Changes made at Tue Nov 25 08:15:58 UTC 2025
Changes made at Tue Nov 25 10:12:37 UTC 2025
Changes made at Tue Nov 25 14:11:02 UTC 2025
Changes made at Tue Nov 25 16:13:54 UTC 2025
Changes made at Wed Nov 26 08:15:04 UTC 2025
Changes made at Wed Nov 26 10:12:20 UTC 2025
